{"x":0.8895833333333333,"y":0.00784313725490196}