{"x":0.004166666666666667,"y":0.3333333333333333}