{"x":0.004166666666666667,"y":0.337037037037037}